{"episode_lengths": [10], "timestamps": [1500655868.922308], "episode_rewards": [10.0], "episode_types": ["t"], "initial_reset_timestamp": 1500655868.1924865}